Column 1,Column 2,Column 3,Column 4,Column 5,Column 6,Column 7,Column 8,Column 9,Column 10
Value 1,Value 2,Value 3,Value 4,Value 5,Value 6,Value 7,Value 8,Value 9,Value 10
Value 2,Value 3,Value 4,Value 5,Value 6,Value 7,Value 8,Value 9,Value 10,Value 11
Value 3,Value 4,Value 5,Value 6,Value 7,Value 8,Value 9,Value 10,Value 11,Value 12
Value 4,Value 5,Value 6,Value 7,Value 8,Value 9,Value 10,Value 11,Value 12,Value 13
Value 5,Value 6,Value 7,Value 8,Value 9,Value 10,Value 11,Value 12,Value 13,Value 14
Value 6,Value 7,Value 8,Value 9,Value 10,Value 11,Value 12,Value 13,Value 14,Value 15
Value 7,Value 8,Value 9,Value 10,Value 11,Value 12,Value 13,Value 14,Value 15,Value 16
Value 8,Value 9,Value 10,Value 11,Value 12,Value 13,Value 14,Value 15,Value 16,Value 17
Value 9,Value 10,Value 11,Value 12,Value 13,Value 14,Value 15,Value 16,Value 17,Value 18
Value 10,Value 11,Value 12,Value 13,Value 14,Value 15,Value 16,Value 17,Value 18,Value 19
Value 11,Value 12,Value 13,Value 14,Value 15,Value 16,Value 17,Value 18,Value 19,Value 20
Value 12,Value 13,Value 14,Value 15,Value 16,Value 17,Value 18,Value 19,Value 20,Value 21
Value 13,Value 14,Value 15,Value 16,Value 17,Value 18,Value 19,Value 20,Value 21,Value 22
Value 14,Value 15,Value 16,Value 17,Value 18,Value 19,Value 20,Value 21,Value 22,Value 23
Value 15,Value 16,Value 17,Value 18,Value 19,Value 20,Value 21,Value 22,Value 23,Value 24
Value 16,Value 17,Value 18,Value 19,Value 20,Value 21,Value 22,Value 23,Value 24,Value 25
Value 17,Value 18,Value 19,Value 20,Value 21,Value 22,Value 23,Value 24,Value 25,Value 26
Value 18,Value 19,Value 20,Value 21,Value 22,Value 23,Value 24,Value 25,Value 26,Value 27
Value 19,Value 20,Value 21,Value 22,Value 23,Value 24,Value 25,Value 26,Value 27,Value 28
Value 20,Value 21,Value 22,Value 23,Value 24,Value 25,Value 26,Value 27,Value 28,Value 29
Value 21,Value 22,Value 23,Value 24,Value 25,Value 26,Value 27,Value 28,Value 29,Value 30
Value 22,Value 23,Value 24,Value 25,Value 26,Value 27,Value 28,Value 29,Value 30,Value 31
Value 23,Value 24,Value 25,Value 26,Value 27,Value 28,Value 29,Value 30,Value 31,Value 32
Value 24,Value 25,Value 26,Value 27,Value 28,Value 29,Value 30,Value 31,Value 32,Value 33
Value 25,Value 26,Value 27,Value 28,Value 29,Value 30,Value 31,Value 32,Value 33,Value 34
Value 26,Value 27,Value 28,Value 29,Value 30,Value 31,Value 32,Value 33,Value 34,Value 35